{"_id":{"$oid":"5f30f829953d8242e09083aa"},"username":"peter","email":"organicadmin@gmail.com","subject":"Salads Quality","message":"The Salad What i got was not fresh","__v":0}
{"_id":{"$oid":"5f310efd2a51c456442d06e3"},"username":"peter","email":"organicadmin@gmail.com","subject":"Potato Issue","message":"Potato were not delivered","__v":0}
{"_id":{"$oid":"5f310f91067a6f32f0d67db3"},"username":"peter","email":"organicadmin@gmail.com","subject":"Carrots ","message":"Carrots were not Fresh","__v":0}
{"_id":{"$oid":"5f311013b236024e0c98fa8e"},"username":"peter","email":"organicadmin@gmail.com","subject":"Beetroots","message":"Beetroots not delivered on time","__v":0}
{"_id":{"$oid":"5f31105ada858454e458b92d"},"username":"peter","email":"organicadmin@gmail.com","subject":"Oranges","message":"Oranges were not Good!!!","__v":0}
{"_id":{"$oid":"5f3110efe4fc8f205c7aeb5c"},"username":"peter","email":"organicadmin@gmail.com","subject":"Chillies","message":"I dont think chillies  were organically grown","__v":0}
{"_id":{"$oid":"5f31111f34aa070964329cf1"},"username":"peter","email":"organicadmin@gmail.com","subject":"Peas issue","message":"Green peas were not fresh","__v":0}
{"_id":{"$oid":"5f312090870a5d23c0c0f3d4"},"username":"roger","email":"organicadmin@gmail.com","__v":0}
{"_id":{"$oid":"5f3120cc870a5d23c0c0f3d5"},"username":"roger","email":"organicadmin@gmail.com","__v":0}
{"_id":{"$oid":"5f3120ea870a5d23c0c0f3d6"},"username":"roger","email":"organicadmin@gmail.com","__v":0}
{"_id":{"$oid":"5f312104870a5d23c0c0f3d7"},"username":"roger","email":"organicadmin@gmail.com","subject":"Salads Issue","message":"Salads Will be sent afresh soon.","__v":0}
{"_id":{"$oid":"5f3121c8413b4f2c800d617e"},"username":"roger","email":"organicadmin@gmail.com","subject":"Carrot Issue","message":"Your concerns are Addressed","__v":0}
{"_id":{"$oid":"5f312295c5164c3dd8bebc2f"},"username":"roger","email":"organicadmin@gmail.com","subject":"Beetroots","message":"This issue is addressed","__v":0}
{"_id":{"$oid":"5f3128e3646bf030b8cea64c"},"username":"peter","email":"organicadmin@gmail.com","subject":"Banana","message":"Bananas were Raw","__v":0}
{"_id":{"$oid":"5f312939646bf030b8cea64d"},"username":"roger","email":"organicadmin@gmail.com","subject":"Banana Issue","message":"Issue Addressed","to":"peter","__v":0}
{"_id":{"$oid":"5f801467fa90d649306f035f"},"username":"peter","email":"organicadmin@gmail.com","subject":"Banana","message":"Banana rotten on yesterday purchase","__v":0}
{"_id":{"$oid":"5f8014b2fa90d649306f0360"},"username":"roger","email":"organicadmin@gmail.com","subject":"Banana Issue","message":"Will send you new one","to":"peter","__v":0}
