{"_id":{"$oid":"5f2d74d85dcd4f20e440e2bf"},"cart":[{"id":"16","name":"Gala Apple","price":2.99,"qty":1},{"id":"2","name":"Greek Salad","price":9.99,"qty":1},{"id":"17","name":"Green Apple","price":2.99,"qty":3}],"username":"peter","orderid":"1596814552714eter","__v":0}
{"_id":{"$oid":"5f2d7675bf20432550c52e20"},"cart":[{"id":"1","name":"Taboule Salad","price":10,"qty":1},{"id":"2","name":"Greek Salad","price":9.99,"qty":1}],"username":"peter","orderid":"1596814965305eter","__v":0}
{"_id":{"$oid":"5f2d7b10ddcdcb4134df840a"},"cart":[{"id":"3","name":"Chicken Caesar Salad","price":10,"qty":1},{"id":"42","name":"Red Onion","price":5.99,"qty":1}],"username":"peter","orderid":"1596816144659eter","date":"2020-08-07T16:02:24.659Z","__v":0}
{"_id":{"$oid":"5fb9176a058a77124030af2c"},"cart":[{"id":41,"name":"Bell pepper","price":5.99,"qty":1}],"username":"peter","orderid":"1605965674436eter","date":"2020-11-21T13:34:34.436Z","__v":0}
