{"_id":{"$oid":"5f2be633fb041d339ce6bda1"},"username":"peter","password":"$2a$10$bopr.Ajg69MaPUzZnpEPwOzh2C9TwDsJeiED3c1gVd.1GjjnM2qW.","usertype":"user","email":"organicadmin@gmail.com","__v":0}
{"_id":{"$oid":"5f2be847fb041d339ce6bda2"},"username":"roger","password":"$2a$10$evgK4kcbVjBIrKsxtj2PEeigljpxQ2lGMq6UxA2n2xljETo4JxDwa","usertype":"admin","__v":0,"email":"organicadmin@gmail.com"}
{"_id":{"$oid":"5f30ecc437b531500822c479"},"username":"jack","password":"$2a$10$fhrEgRv3S1yy7aipl/3Ln.9bG0232BhOiTobks9cLReiRiRhiM9I6","usertype":"user","__v":0}
